"","CS_num","ScanHalf","Group","Mean","SD"
"1","CS #1","First Half","Control",71.2574750830565,28.2460396223311
"2","CS #1","First Half","PTSD",72.0581655480984,27.5502186271366
"3","CS #2","First Half","Control",28.7425249169435,28.2460396223311
"4","CS #2","First Half","PTSD",27.9418344519016,27.5502186271366
"5","CS #1","Second Half","Control",65.202657807309,31.6820013713521
"6","CS #1","Second Half","PTSD",68.3959731543624,30.9571131358096
"7","CS #2","Second Half","Control",35.797342192691,31.6820013713521
"8","CS #2","Second Half","PTSD",32.6040268456376,30.9571131358096
