"","Group","m"
"1","Control",8.17940199335548
"2","PTSD",8.00223713646532
